{"fx":1.52542,"impulse":3.500021,"music":24}